,nome_munic,codigo_ibge,data_inicio_sintomas,diagnostico_covid19,obito,media_movel_casos,media_movel_obitos
0,Aspásia,3503950,2020-05-30T00:00:00Z,3,0,,
1,Aspásia,3503950,2020-05-31T00:00:00Z,0,0,,
2,Aspásia,3503950,2020-06-01T00:00:00Z,0,0,,
3,Aspásia,3503950,2020-06-02T00:00:00Z,0,0,,
4,Aspásia,3503950,2020-06-03T00:00:00Z,0,0,,
5,Aspásia,3503950,2020-06-04T00:00:00Z,1,0,,
6,Aspásia,3503950,2020-06-05T00:00:00Z,0,0,0.5714285714285714,0.0
7,Aspásia,3503950,2020-06-06T00:00:00Z,0,0,0.14285714285714285,0.0
8,Aspásia,3503950,2020-06-07T00:00:00Z,0,0,0.14285714285714285,0.0
9,Aspásia,3503950,2020-06-08T00:00:00Z,0,0,0.14285714285714285,0.0
10,Aspásia,3503950,2020-06-09T00:00:00Z,0,0,0.14285714285714285,0.0
11,Aspásia,3503950,2020-06-10T00:00:00Z,0,0,0.14285714285714285,0.0
12,Aspásia,3503950,2020-06-11T00:00:00Z,0,0,0.0,0.0
13,Aspásia,3503950,2020-06-12T00:00:00Z,0,0,0.0,0.0
14,Aspásia,3503950,2020-06-13T00:00:00Z,0,0,0.0,0.0
15,Aspásia,3503950,2020-06-14T00:00:00Z,1,0,0.14285714285714285,0.0
16,Aspásia,3503950,2020-06-15T00:00:00Z,2,0,0.42857142857142855,0.0
17,Aspásia,3503950,2020-06-16T00:00:00Z,1,0,0.5714285714285714,0.0
18,Aspásia,3503950,2020-06-17T00:00:00Z,0,0,0.5714285714285714,0.0
19,Aspásia,3503950,2020-06-18T00:00:00Z,0,0,0.5714285714285714,0.0
20,Aspásia,3503950,2020-06-19T00:00:00Z,0,0,0.5714285714285714,0.0
21,Aspásia,3503950,2020-06-20T00:00:00Z,0,0,0.5714285714285714,0.0
22,Aspásia,3503950,2020-06-21T00:00:00Z,1,0,0.5714285714285714,0.0
23,Aspásia,3503950,2020-06-22T00:00:00Z,1,0,0.42857142857142855,0.0
24,Aspásia,3503950,2020-06-23T00:00:00Z,8,0,1.4285714285714286,0.0
25,Aspásia,3503950,2020-06-24T00:00:00Z,0,0,1.4285714285714286,0.0
26,Aspásia,3503950,2020-06-25T00:00:00Z,0,0,1.4285714285714286,0.0
27,Aspásia,3503950,2020-06-26T00:00:00Z,0,0,1.4285714285714286,0.0
28,Aspásia,3503950,2020-06-27T00:00:00Z,2,0,1.7142857142857142,0.0
29,Aspásia,3503950,2020-06-28T00:00:00Z,0,0,1.5714285714285714,0.0
30,Aspásia,3503950,2020-06-29T00:00:00Z,0,0,1.4285714285714286,0.0
31,Aspásia,3503950,2020-06-30T00:00:00Z,0,0,0.2857142857142857,0.0
32,Aspásia,3503950,2020-07-01T00:00:00Z,0,0,0.2857142857142857,0.0
33,Aspásia,3503950,2020-07-02T00:00:00Z,0,0,0.2857142857142857,0.0
34,Aspásia,3503950,2020-07-03T00:00:00Z,0,0,0.2857142857142857,0.0
35,Aspásia,3503950,2020-07-04T00:00:00Z,0,0,0.0,0.0
36,Aspásia,3503950,2020-07-05T00:00:00Z,0,0,0.0,0.0
37,Aspásia,3503950,2020-07-06T00:00:00Z,1,0,0.14285714285714285,0.0
38,Aspásia,3503950,2020-07-07T00:00:00Z,0,0,0.14285714285714285,0.0
39,Aspásia,3503950,2020-07-08T00:00:00Z,0,0,0.14285714285714285,0.0
40,Aspásia,3503950,2020-07-09T00:00:00Z,0,0,0.14285714285714285,0.0
41,Aspásia,3503950,2020-07-10T00:00:00Z,0,0,0.14285714285714285,0.0
42,Aspásia,3503950,2020-07-11T00:00:00Z,1,0,0.2857142857142857,0.0
43,Aspásia,3503950,2020-07-12T00:00:00Z,0,0,0.2857142857142857,0.0
44,Aspásia,3503950,2020-07-13T00:00:00Z,1,0,0.2857142857142857,0.0
45,Aspásia,3503950,2020-07-14T00:00:00Z,0,0,0.2857142857142857,0.0
46,Aspásia,3503950,2020-07-15T00:00:00Z,0,0,0.2857142857142857,0.0
47,Aspásia,3503950,2020-07-16T00:00:00Z,1,0,0.42857142857142855,0.0
48,Aspásia,3503950,2020-07-17T00:00:00Z,0,0,0.42857142857142855,0.0
49,Aspásia,3503950,2020-07-18T00:00:00Z,0,0,0.2857142857142857,0.0
50,Aspásia,3503950,2020-07-19T00:00:00Z,0,0,0.2857142857142857,0.0
51,Aspásia,3503950,2020-07-20T00:00:00Z,1,0,0.2857142857142857,0.0
52,Aspásia,3503950,2020-07-21T00:00:00Z,0,0,0.2857142857142857,0.0
53,Aspásia,3503950,2020-07-22T00:00:00Z,0,0,0.2857142857142857,0.0
54,Aspásia,3503950,2020-07-23T00:00:00Z,0,0,0.14285714285714285,0.0
55,Aspásia,3503950,2020-07-24T00:00:00Z,0,0,0.14285714285714285,0.0
56,Aspásia,3503950,2020-07-25T00:00:00Z,0,0,0.14285714285714285,0.0
57,Aspásia,3503950,2020-07-26T00:00:00Z,1,0,0.2857142857142857,0.0
58,Aspásia,3503950,2020-07-27T00:00:00Z,1,0,0.2857142857142857,0.0
59,Aspásia,3503950,2020-07-28T00:00:00Z,0,0,0.2857142857142857,0.0
60,Aspásia,3503950,2020-07-29T00:00:00Z,0,0,0.2857142857142857,0.0
61,Aspásia,3503950,2020-07-30T00:00:00Z,0,0,0.2857142857142857,0.0
62,Aspásia,3503950,2020-07-31T00:00:00Z,0,0,0.2857142857142857,0.0
63,Aspásia,3503950,2020-08-01T00:00:00Z,2,0,0.5714285714285714,0.0
64,Aspásia,3503950,2020-08-02T00:00:00Z,0,0,0.42857142857142855,0.0
65,Aspásia,3503950,2020-08-03T00:00:00Z,0,0,0.2857142857142857,0.0
66,Aspásia,3503950,2020-08-04T00:00:00Z,1,0,0.42857142857142855,0.0
67,Aspásia,3503950,2020-08-05T00:00:00Z,0,0,0.42857142857142855,0.0
68,Aspásia,3503950,2020-08-06T00:00:00Z,0,0,0.42857142857142855,0.0
69,Aspásia,3503950,2020-08-07T00:00:00Z,0,0,0.42857142857142855,0.0
70,Aspásia,3503950,2020-08-08T00:00:00Z,0,0,0.14285714285714285,0.0
71,Aspásia,3503950,2020-08-09T00:00:00Z,1,0,0.2857142857142857,0.0
72,Aspásia,3503950,2020-08-10T00:00:00Z,0,0,0.2857142857142857,0.0
73,Aspásia,3503950,2020-08-11T00:00:00Z,0,0,0.14285714285714285,0.0
74,Aspásia,3503950,2020-08-12T00:00:00Z,0,0,0.14285714285714285,0.0
75,Aspásia,3503950,2020-08-13T00:00:00Z,0,0,0.14285714285714285,0.0
76,Aspásia,3503950,2020-08-14T00:00:00Z,1,0,0.2857142857142857,0.0
77,Aspásia,3503950,2020-08-15T00:00:00Z,1,0,0.42857142857142855,0.0
78,Aspásia,3503950,2020-08-16T00:00:00Z,0,0,0.2857142857142857,0.0
79,Aspásia,3503950,2020-08-17T00:00:00Z,0,0,0.2857142857142857,0.0
80,Aspásia,3503950,2020-08-18T00:00:00Z,0,0,0.2857142857142857,0.0
81,Aspásia,3503950,2020-08-19T00:00:00Z,1,0,0.42857142857142855,0.0
82,Aspásia,3503950,2020-08-20T00:00:00Z,0,0,0.42857142857142855,0.0
83,Aspásia,3503950,2020-08-21T00:00:00Z,1,0,0.42857142857142855,0.0
84,Aspásia,3503950,2020-08-22T00:00:00Z,0,0,0.2857142857142857,0.0
85,Aspásia,3503950,2020-08-23T00:00:00Z,0,0,0.2857142857142857,0.0
86,Aspásia,3503950,2020-08-24T00:00:00Z,0,0,0.2857142857142857,0.0
87,Aspásia,3503950,2020-08-25T00:00:00Z,0,0,0.2857142857142857,0.0
88,Aspásia,3503950,2020-08-26T00:00:00Z,0,0,0.14285714285714285,0.0
89,Aspásia,3503950,2020-08-27T00:00:00Z,0,0,0.14285714285714285,0.0
90,Aspásia,3503950,2020-08-28T00:00:00Z,0,0,0.0,0.0
91,Aspásia,3503950,2020-08-29T00:00:00Z,0,0,0.0,0.0
92,Aspásia,3503950,2020-08-30T00:00:00Z,1,0,0.14285714285714285,0.0
93,Aspásia,3503950,2020-08-31T00:00:00Z,0,0,0.14285714285714285,0.0
94,Aspásia,3503950,2020-09-01T00:00:00Z,0,0,0.14285714285714285,0.0
95,Aspásia,3503950,2020-09-02T00:00:00Z,0,0,0.14285714285714285,0.0
96,Aspásia,3503950,2020-09-03T00:00:00Z,1,0,0.2857142857142857,0.0
97,Aspásia,3503950,2020-09-04T00:00:00Z,0,0,0.2857142857142857,0.0
98,Aspásia,3503950,2020-09-05T00:00:00Z,0,0,0.2857142857142857,0.0
99,Aspásia,3503950,2020-09-06T00:00:00Z,0,0,0.14285714285714285,0.0
100,Aspásia,3503950,2020-09-07T00:00:00Z,1,0,0.2857142857142857,0.0
101,Aspásia,3503950,2020-09-08T00:00:00Z,1,0,0.42857142857142855,0.0
102,Aspásia,3503950,2020-09-09T00:00:00Z,1,0,0.5714285714285714,0.0
103,Aspásia,3503950,2020-09-10T00:00:00Z,0,0,0.42857142857142855,0.0
104,Aspásia,3503950,2020-09-11T00:00:00Z,1,0,0.5714285714285714,0.0
105,Aspásia,3503950,2020-09-12T00:00:00Z,0,0,0.5714285714285714,0.0
106,Aspásia,3503950,2020-09-13T00:00:00Z,0,0,0.5714285714285714,0.0
107,Aspásia,3503950,2020-09-14T00:00:00Z,0,0,0.42857142857142855,0.0
108,Aspásia,3503950,2020-09-15T00:00:00Z,0,0,0.2857142857142857,0.0
109,Aspásia,3503950,2020-09-16T00:00:00Z,0,0,0.14285714285714285,0.0
110,Aspásia,3503950,2020-09-17T00:00:00Z,0,0,0.14285714285714285,0.0
111,Aspásia,3503950,2020-09-18T00:00:00Z,0,0,0.0,0.0
112,Aspásia,3503950,2020-09-19T00:00:00Z,1,0,0.14285714285714285,0.0
113,Aspásia,3503950,2020-09-20T00:00:00Z,0,0,0.14285714285714285,0.0
114,Aspásia,3503950,2020-09-21T00:00:00Z,1,0,0.2857142857142857,0.0
115,Aspásia,3503950,2020-09-22T00:00:00Z,0,0,0.2857142857142857,0.0
116,Aspásia,3503950,2020-09-23T00:00:00Z,1,0,0.42857142857142855,0.0
117,Aspásia,3503950,2020-09-24T00:00:00Z,1,1,0.5714285714285714,0.14285714285714285
118,Aspásia,3503950,2020-09-25T00:00:00Z,0,0,0.5714285714285714,0.14285714285714285
119,Aspásia,3503950,2020-09-26T00:00:00Z,2,0,0.7142857142857143,0.14285714285714285
120,Aspásia,3503950,2020-09-27T00:00:00Z,0,0,0.7142857142857143,0.14285714285714285
121,Aspásia,3503950,2020-09-28T00:00:00Z,0,0,0.5714285714285714,0.14285714285714285
122,Aspásia,3503950,2020-09-29T00:00:00Z,0,0,0.5714285714285714,0.14285714285714285
123,Aspásia,3503950,2020-09-30T00:00:00Z,0,0,0.42857142857142855,0.14285714285714285
124,Aspásia,3503950,2020-10-01T00:00:00Z,0,0,0.2857142857142857,0.0
125,Aspásia,3503950,2020-10-02T00:00:00Z,0,0,0.2857142857142857,0.0
126,Aspásia,3503950,2020-10-03T00:00:00Z,0,0,0.0,0.0
127,Aspásia,3503950,2020-10-04T00:00:00Z,0,0,0.0,0.0
128,Aspásia,3503950,2020-10-05T00:00:00Z,0,0,0.0,0.0
129,Aspásia,3503950,2020-10-06T00:00:00Z,1,1,0.14285714285714285,0.14285714285714285
130,Aspásia,3503950,2020-10-07T00:00:00Z,0,0,0.14285714285714285,0.14285714285714285
131,Aspásia,3503950,2020-10-08T00:00:00Z,1,0,0.2857142857142857,0.14285714285714285
132,Aspásia,3503950,2020-10-09T00:00:00Z,0,0,0.2857142857142857,0.14285714285714285
133,Aspásia,3503950,2020-10-10T00:00:00Z,0,0,0.2857142857142857,0.14285714285714285
134,Aspásia,3503950,2020-10-11T00:00:00Z,0,0,0.2857142857142857,0.14285714285714285
135,Aspásia,3503950,2020-10-12T00:00:00Z,0,0,0.2857142857142857,0.14285714285714285
136,Aspásia,3503950,2020-10-13T00:00:00Z,0,0,0.14285714285714285,0.0
137,Aspásia,3503950,2020-10-14T00:00:00Z,0,0,0.14285714285714285,0.0
138,Aspásia,3503950,2020-10-15T00:00:00Z,0,0,0.0,0.0
139,Aspásia,3503950,2020-10-16T00:00:00Z,0,0,0.0,0.0
140,Aspásia,3503950,2020-10-17T00:00:00Z,0,0,0.0,0.0
141,Aspásia,3503950,2020-10-18T00:00:00Z,0,0,0.0,0.0
142,Aspásia,3503950,2020-10-19T00:00:00Z,0,0,0.0,0.0
143,Aspásia,3503950,2020-10-20T00:00:00Z,0,0,0.0,0.0
144,Aspásia,3503950,2020-10-21T00:00:00Z,0,0,0.0,0.0
145,Aspásia,3503950,2020-10-22T00:00:00Z,0,0,0.0,0.0
146,Aspásia,3503950,2020-10-23T00:00:00Z,0,0,0.0,0.0
147,Aspásia,3503950,2020-10-24T00:00:00Z,0,0,0.0,0.0
148,Aspásia,3503950,2020-10-25T00:00:00Z,0,0,0.0,0.0
149,Aspásia,3503950,2020-10-26T00:00:00Z,0,0,0.0,0.0
150,Aspásia,3503950,2020-10-27T00:00:00Z,0,0,0.0,0.0
151,Aspásia,3503950,2020-10-28T00:00:00Z,0,0,0.0,0.0
152,Aspásia,3503950,2020-10-29T00:00:00Z,0,0,0.0,0.0
153,Aspásia,3503950,2020-10-30T00:00:00Z,0,0,0.0,0.0
154,Aspásia,3503950,2020-10-31T00:00:00Z,0,0,0.0,0.0
155,Aspásia,3503950,2020-11-01T00:00:00Z,0,0,0.0,0.0
156,Aspásia,3503950,2020-11-02T00:00:00Z,0,0,0.0,0.0
157,Aspásia,3503950,2020-11-03T00:00:00Z,0,0,0.0,0.0
158,Aspásia,3503950,2020-11-04T00:00:00Z,0,0,0.0,0.0
159,Aspásia,3503950,2020-11-05T00:00:00Z,0,0,0.0,0.0
160,Aspásia,3503950,2020-11-06T00:00:00Z,1,0,0.14285714285714285,0.0
161,Aspásia,3503950,2020-11-07T00:00:00Z,0,0,0.14285714285714285,0.0
162,Aspásia,3503950,2020-11-08T00:00:00Z,0,0,0.14285714285714285,0.0
163,Aspásia,3503950,2020-11-09T00:00:00Z,0,0,0.14285714285714285,0.0
164,Aspásia,3503950,2020-11-10T00:00:00Z,0,0,0.14285714285714285,0.0
165,Aspásia,3503950,2020-11-11T00:00:00Z,0,0,0.14285714285714285,0.0
166,Aspásia,3503950,2020-11-12T00:00:00Z,0,0,0.14285714285714285,0.0
167,Aspásia,3503950,2020-11-13T00:00:00Z,0,0,0.0,0.0
168,Aspásia,3503950,2020-11-14T00:00:00Z,0,0,0.0,0.0
169,Aspásia,3503950,2020-11-15T00:00:00Z,0,0,0.0,0.0
170,Aspásia,3503950,2020-11-16T00:00:00Z,0,0,0.0,0.0
171,Aspásia,3503950,2020-11-17T00:00:00Z,0,0,0.0,0.0
172,Aspásia,3503950,2020-11-18T00:00:00Z,0,0,0.0,0.0
173,Aspásia,3503950,2020-11-19T00:00:00Z,0,0,0.0,0.0
174,Aspásia,3503950,2020-11-20T00:00:00Z,0,0,0.0,0.0
175,Aspásia,3503950,2020-11-21T00:00:00Z,0,0,0.0,0.0
176,Aspásia,3503950,2020-11-22T00:00:00Z,0,0,0.0,0.0
177,Aspásia,3503950,2020-11-23T00:00:00Z,0,0,0.0,0.0
178,Aspásia,3503950,2020-11-24T00:00:00Z,0,0,0.0,0.0
179,Aspásia,3503950,2020-11-25T00:00:00Z,0,0,0.0,0.0
180,Aspásia,3503950,2020-11-26T00:00:00Z,0,0,0.0,0.0
181,Aspásia,3503950,2020-11-27T00:00:00Z,0,0,0.0,0.0
182,Aspásia,3503950,2020-11-28T00:00:00Z,0,0,0.0,0.0
183,Aspásia,3503950,2020-11-29T00:00:00Z,0,0,0.0,0.0
184,Aspásia,3503950,2020-11-30T00:00:00Z,0,0,0.0,0.0
185,Aspásia,3503950,2020-12-01T00:00:00Z,0,0,0.0,0.0
186,Aspásia,3503950,2020-12-02T00:00:00Z,0,0,0.0,0.0
187,Aspásia,3503950,2020-12-03T00:00:00Z,0,0,0.0,0.0
188,Aspásia,3503950,2020-12-04T00:00:00Z,0,0,0.0,0.0
189,Aspásia,3503950,2020-12-05T00:00:00Z,1,0,0.14285714285714285,0.0
190,Aspásia,3503950,2020-12-06T00:00:00Z,0,0,0.14285714285714285,0.0
191,Aspásia,3503950,2020-12-07T00:00:00Z,0,0,0.14285714285714285,0.0
192,Aspásia,3503950,2020-12-08T00:00:00Z,1,0,0.2857142857142857,0.0
193,Aspásia,3503950,2020-12-09T00:00:00Z,0,0,0.2857142857142857,0.0
194,Aspásia,3503950,2020-12-10T00:00:00Z,1,0,0.42857142857142855,0.0
195,Aspásia,3503950,2020-12-11T00:00:00Z,0,0,0.42857142857142855,0.0
196,Aspásia,3503950,2020-12-12T00:00:00Z,0,0,0.2857142857142857,0.0
197,Aspásia,3503950,2020-12-13T00:00:00Z,1,0,0.42857142857142855,0.0
198,Aspásia,3503950,2020-12-14T00:00:00Z,0,0,0.42857142857142855,0.0
199,Aspásia,3503950,2020-12-15T00:00:00Z,2,0,0.5714285714285714,0.0
200,Aspásia,3503950,2020-12-16T00:00:00Z,0,0,0.5714285714285714,0.0
201,Aspásia,3503950,2020-12-17T00:00:00Z,0,0,0.42857142857142855,0.0
202,Aspásia,3503950,2020-12-18T00:00:00Z,0,0,0.42857142857142855,0.0
203,Aspásia,3503950,2020-12-19T00:00:00Z,1,0,0.5714285714285714,0.0
204,Aspásia,3503950,2020-12-20T00:00:00Z,0,0,0.42857142857142855,0.0
205,Aspásia,3503950,2020-12-21T00:00:00Z,0,0,0.42857142857142855,0.0
206,Aspásia,3503950,2020-12-22T00:00:00Z,0,0,0.14285714285714285,0.0
207,Aspásia,3503950,2020-12-23T00:00:00Z,0,0,0.14285714285714285,0.0
208,Aspásia,3503950,2020-12-24T00:00:00Z,0,0,0.14285714285714285,0.0
209,Aspásia,3503950,2020-12-25T00:00:00Z,0,0,0.14285714285714285,0.0
210,Aspásia,3503950,2020-12-26T00:00:00Z,1,0,0.14285714285714285,0.0
211,Aspásia,3503950,2020-12-27T00:00:00Z,0,0,0.14285714285714285,0.0
212,Aspásia,3503950,2020-12-28T00:00:00Z,0,0,0.14285714285714285,0.0
213,Aspásia,3503950,2020-12-29T00:00:00Z,0,0,0.14285714285714285,0.0
214,Aspásia,3503950,2020-12-30T00:00:00Z,1,0,0.2857142857142857,0.0
215,Aspásia,3503950,2020-12-31T00:00:00Z,0,0,0.2857142857142857,0.0
216,Aspásia,3503950,2021-01-01T00:00:00Z,1,0,0.42857142857142855,0.0
217,Aspásia,3503950,2021-01-02T00:00:00Z,0,0,0.2857142857142857,0.0
218,Aspásia,3503950,2021-01-03T00:00:00Z,0,0,0.2857142857142857,0.0
219,Aspásia,3503950,2021-01-04T00:00:00Z,0,0,0.2857142857142857,0.0
220,Aspásia,3503950,2021-01-05T00:00:00Z,0,0,0.2857142857142857,0.0
221,Aspásia,3503950,2021-01-06T00:00:00Z,0,0,0.14285714285714285,0.0
222,Aspásia,3503950,2021-01-07T00:00:00Z,1,0,0.2857142857142857,0.0
223,Aspásia,3503950,2021-01-08T00:00:00Z,1,0,0.2857142857142857,0.0
224,Aspásia,3503950,2021-01-09T00:00:00Z,0,0,0.2857142857142857,0.0
225,Aspásia,3503950,2021-01-10T00:00:00Z,0,0,0.2857142857142857,0.0
226,Aspásia,3503950,2021-01-11T00:00:00Z,0,0,0.2857142857142857,0.0
227,Aspásia,3503950,2021-01-12T00:00:00Z,0,0,0.2857142857142857,0.0
228,Aspásia,3503950,2021-01-13T00:00:00Z,0,0,0.2857142857142857,0.0
229,Aspásia,3503950,2021-01-14T00:00:00Z,0,0,0.14285714285714285,0.0
230,Aspásia,3503950,2021-01-15T00:00:00Z,0,0,0.0,0.0
231,Aspásia,3503950,2021-01-16T00:00:00Z,0,0,0.0,0.0
232,Aspásia,3503950,2021-01-17T00:00:00Z,0,0,0.0,0.0
233,Aspásia,3503950,2021-01-18T00:00:00Z,2,0,0.2857142857142857,0.0
234,Aspásia,3503950,2021-01-19T00:00:00Z,0,0,0.2857142857142857,0.0
235,Aspásia,3503950,2021-01-20T00:00:00Z,0,0,0.2857142857142857,0.0
236,Aspásia,3503950,2021-01-21T00:00:00Z,0,0,0.2857142857142857,0.0
237,Aspásia,3503950,2021-01-22T00:00:00Z,0,0,0.2857142857142857,0.0
238,Aspásia,3503950,2021-01-23T00:00:00Z,0,0,0.2857142857142857,0.0
239,Aspásia,3503950,2021-01-24T00:00:00Z,1,0,0.42857142857142855,0.0
240,Aspásia,3503950,2021-01-25T00:00:00Z,0,0,0.14285714285714285,0.0
241,Aspásia,3503950,2021-01-26T00:00:00Z,0,0,0.14285714285714285,0.0
242,Aspásia,3503950,2021-01-27T00:00:00Z,1,0,0.2857142857142857,0.0
243,Aspásia,3503950,2021-01-28T00:00:00Z,0,0,0.2857142857142857,0.0
244,Aspásia,3503950,2021-01-29T00:00:00Z,0,0,0.2857142857142857,0.0
245,Aspásia,3503950,2021-01-30T00:00:00Z,1,0,0.42857142857142855,0.0
246,Aspásia,3503950,2021-01-31T00:00:00Z,1,0,0.42857142857142855,0.0
247,Aspásia,3503950,2021-02-01T00:00:00Z,0,0,0.42857142857142855,0.0
248,Aspásia,3503950,2021-02-02T00:00:00Z,0,0,0.42857142857142855,0.0
249,Aspásia,3503950,2021-02-03T00:00:00Z,0,0,0.2857142857142857,0.0
250,Aspásia,3503950,2021-02-04T00:00:00Z,0,0,0.2857142857142857,0.0
251,Aspásia,3503950,2021-02-05T00:00:00Z,0,0,0.2857142857142857,0.0
252,Aspásia,3503950,2021-02-06T00:00:00Z,0,0,0.14285714285714285,0.0
253,Aspásia,3503950,2021-02-07T00:00:00Z,0,0,0.0,0.0
254,Aspásia,3503950,2021-02-08T00:00:00Z,0,0,0.0,0.0
255,Aspásia,3503950,2021-02-09T00:00:00Z,0,0,0.0,0.0
256,Aspásia,3503950,2021-02-10T00:00:00Z,0,0,0.0,0.0
257,Aspásia,3503950,2021-02-11T00:00:00Z,0,0,0.0,0.0
258,Aspásia,3503950,2021-02-12T00:00:00Z,0,0,0.0,0.0
259,Aspásia,3503950,2021-02-13T00:00:00Z,0,0,0.0,0.0
260,Aspásia,3503950,2021-02-14T00:00:00Z,0,0,0.0,0.0
261,Aspásia,3503950,2021-02-15T00:00:00Z,0,0,0.0,0.0
262,Aspásia,3503950,2021-02-16T00:00:00Z,0,0,0.0,0.0
263,Aspásia,3503950,2021-02-17T00:00:00Z,0,0,0.0,0.0
264,Aspásia,3503950,2021-02-18T00:00:00Z,0,0,0.0,0.0
265,Aspásia,3503950,2021-02-19T00:00:00Z,0,0,0.0,0.0
266,Aspásia,3503950,2021-02-20T00:00:00Z,1,1,0.14285714285714285,0.14285714285714285
267,Aspásia,3503950,2021-02-21T00:00:00Z,0,0,0.14285714285714285,0.14285714285714285
268,Aspásia,3503950,2021-02-22T00:00:00Z,0,0,0.14285714285714285,0.14285714285714285
269,Aspásia,3503950,2021-02-23T00:00:00Z,0,0,0.14285714285714285,0.14285714285714285
270,Aspásia,3503950,2021-02-24T00:00:00Z,0,0,0.14285714285714285,0.14285714285714285
271,Aspásia,3503950,2021-02-25T00:00:00Z,0,0,0.14285714285714285,0.14285714285714285
272,Aspásia,3503950,2021-02-26T00:00:00Z,1,0,0.2857142857142857,0.14285714285714285
273,Aspásia,3503950,2021-02-27T00:00:00Z,0,0,0.14285714285714285,0.0
274,Aspásia,3503950,2021-02-28T00:00:00Z,0,0,0.14285714285714285,0.0
275,Aspásia,3503950,2021-03-01T00:00:00Z,0,0,0.14285714285714285,0.0
276,Aspásia,3503950,2021-03-02T00:00:00Z,0,0,0.14285714285714285,0.0
277,Aspásia,3503950,2021-03-03T00:00:00Z,1,0,0.2857142857142857,0.0
278,Aspásia,3503950,2021-03-04T00:00:00Z,0,0,0.2857142857142857,0.0
279,Aspásia,3503950,2021-03-05T00:00:00Z,0,0,0.14285714285714285,0.0
280,Aspásia,3503950,2021-03-06T00:00:00Z,0,0,0.14285714285714285,0.0
281,Aspásia,3503950,2021-03-07T00:00:00Z,0,0,0.14285714285714285,0.0
282,Aspásia,3503950,2021-03-08T00:00:00Z,0,0,0.14285714285714285,0.0
283,Aspásia,3503950,2021-03-09T00:00:00Z,0,0,0.14285714285714285,0.0
284,Aspásia,3503950,2021-03-10T00:00:00Z,0,0,0.0,0.0
285,Aspásia,3503950,2021-03-11T00:00:00Z,0,0,0.0,0.0
286,Aspásia,3503950,2021-03-12T00:00:00Z,0,0,0.0,0.0
287,Aspásia,3503950,2021-03-13T00:00:00Z,0,0,0.0,0.0
288,Aspásia,3503950,2021-03-14T00:00:00Z,0,0,0.0,0.0
289,Aspásia,3503950,2021-03-15T00:00:00Z,0,0,0.0,0.0
290,Aspásia,3503950,2021-03-16T00:00:00Z,0,0,0.0,0.0
291,Aspásia,3503950,2021-03-17T00:00:00Z,1,0,0.14285714285714285,0.0
292,Aspásia,3503950,2021-03-18T00:00:00Z,0,0,0.14285714285714285,0.0
293,Aspásia,3503950,2021-03-19T00:00:00Z,2,1,0.42857142857142855,0.14285714285714285
294,Aspásia,3503950,2021-03-20T00:00:00Z,0,0,0.42857142857142855,0.14285714285714285
295,Aspásia,3503950,2021-03-21T00:00:00Z,0,0,0.42857142857142855,0.14285714285714285
296,Aspásia,3503950,2021-03-22T00:00:00Z,0,0,0.42857142857142855,0.14285714285714285
297,Aspásia,3503950,2021-03-23T00:00:00Z,0,0,0.42857142857142855,0.14285714285714285
298,Aspásia,3503950,2021-03-24T00:00:00Z,1,0,0.42857142857142855,0.14285714285714285
299,Aspásia,3503950,2021-03-25T00:00:00Z,0,0,0.42857142857142855,0.14285714285714285
300,Aspásia,3503950,2021-03-26T00:00:00Z,0,0,0.14285714285714285,0.0
301,Aspásia,3503950,2021-03-27T00:00:00Z,0,0,0.14285714285714285,0.0
302,Aspásia,3503950,2021-03-28T00:00:00Z,0,0,0.14285714285714285,0.0
303,Aspásia,3503950,2021-03-29T00:00:00Z,0,0,0.14285714285714285,0.0
304,Aspásia,3503950,2021-03-30T00:00:00Z,1,0,0.2857142857142857,0.0
305,Aspásia,3503950,2021-03-31T00:00:00Z,1,0,0.2857142857142857,0.0
306,Aspásia,3503950,2021-04-01T00:00:00Z,1,0,0.42857142857142855,0.0
307,Aspásia,3503950,2021-04-02T00:00:00Z,1,0,0.5714285714285714,0.0
308,Aspásia,3503950,2021-04-03T00:00:00Z,1,0,0.7142857142857143,0.0
309,Aspásia,3503950,2021-04-04T00:00:00Z,0,0,0.7142857142857143,0.0
310,Aspásia,3503950,2021-04-05T00:00:00Z,0,0,0.7142857142857143,0.0
311,Aspásia,3503950,2021-04-06T00:00:00Z,3,0,1.0,0.0
312,Aspásia,3503950,2021-04-07T00:00:00Z,1,0,1.0,0.0
313,Aspásia,3503950,2021-04-08T00:00:00Z,0,0,0.8571428571428571,0.0
314,Aspásia,3503950,2021-04-09T00:00:00Z,2,1,1.0,0.14285714285714285
315,Aspásia,3503950,2021-04-10T00:00:00Z,1,0,1.0,0.14285714285714285
316,Aspásia,3503950,2021-04-11T00:00:00Z,1,0,1.1428571428571428,0.14285714285714285
317,Aspásia,3503950,2021-04-12T00:00:00Z,1,0,1.2857142857142858,0.14285714285714285
318,Aspásia,3503950,2021-04-13T00:00:00Z,0,0,0.8571428571428571,0.14285714285714285
319,Aspásia,3503950,2021-04-14T00:00:00Z,1,0,0.8571428571428571,0.14285714285714285
320,Aspásia,3503950,2021-04-15T00:00:00Z,2,0,1.1428571428571428,0.14285714285714285
321,Aspásia,3503950,2021-04-16T00:00:00Z,0,0,0.8571428571428571,0.0
322,Aspásia,3503950,2021-04-17T00:00:00Z,0,0,0.7142857142857143,0.0
323,Aspásia,3503950,2021-04-18T00:00:00Z,0,0,0.5714285714285714,0.0
324,Aspásia,3503950,2021-04-19T00:00:00Z,0,0,0.42857142857142855,0.0
325,Aspásia,3503950,2021-04-20T00:00:00Z,0,0,0.42857142857142855,0.0
326,Aspásia,3503950,2021-04-21T00:00:00Z,0,0,0.2857142857142857,0.0
327,Aspásia,3503950,2021-04-22T00:00:00Z,0,0,0.0,0.0
328,Aspásia,3503950,2021-04-23T00:00:00Z,0,0,0.0,0.0
329,Aspásia,3503950,2021-04-24T00:00:00Z,0,0,0.0,0.0
330,Aspásia,3503950,2021-04-25T00:00:00Z,3,0,0.42857142857142855,0.0
331,Aspásia,3503950,2021-04-26T00:00:00Z,0,0,0.42857142857142855,0.0
332,Aspásia,3503950,2021-04-27T00:00:00Z,0,0,0.42857142857142855,0.0
333,Aspásia,3503950,2021-04-28T00:00:00Z,0,0,0.42857142857142855,0.0
334,Aspásia,3503950,2021-04-29T00:00:00Z,0,0,0.42857142857142855,0.0
335,Aspásia,3503950,2021-04-30T00:00:00Z,0,0,0.42857142857142855,0.0
336,Aspásia,3503950,2021-05-01T00:00:00Z,0,0,0.42857142857142855,0.0
337,Aspásia,3503950,2021-05-02T00:00:00Z,0,0,0.0,0.0
338,Aspásia,3503950,2021-05-03T00:00:00Z,0,0,0.0,0.0
339,Aspásia,3503950,2021-05-04T00:00:00Z,0,0,0.0,0.0
340,Aspásia,3503950,2021-05-05T00:00:00Z,1,0,0.14285714285714285,0.0
341,Aspásia,3503950,2021-05-06T00:00:00Z,1,0,0.2857142857142857,0.0
342,Aspásia,3503950,2021-05-07T00:00:00Z,0,0,0.2857142857142857,0.0
343,Aspásia,3503950,2021-05-08T00:00:00Z,1,0,0.42857142857142855,0.0
344,Aspásia,3503950,2021-05-09T00:00:00Z,0,0,0.42857142857142855,0.0
345,Aspásia,3503950,2021-05-10T00:00:00Z,1,0,0.5714285714285714,0.0
346,Aspásia,3503950,2021-05-11T00:00:00Z,0,0,0.5714285714285714,0.0
347,Aspásia,3503950,2021-05-12T00:00:00Z,1,0,0.5714285714285714,0.0
348,Aspásia,3503950,2021-05-13T00:00:00Z,2,0,0.7142857142857143,0.0
349,Aspásia,3503950,2021-05-14T00:00:00Z,2,0,1.0,0.0
350,Aspásia,3503950,2021-05-15T00:00:00Z,1,0,1.0,0.0
351,Aspásia,3503950,2021-05-16T00:00:00Z,2,0,1.2857142857142858,0.0
352,Aspásia,3503950,2021-05-17T00:00:00Z,2,0,1.4285714285714286,0.0
353,Aspásia,3503950,2021-05-18T00:00:00Z,0,0,1.4285714285714286,0.0
354,Aspásia,3503950,2021-05-19T00:00:00Z,0,0,1.2857142857142858,0.0
355,Aspásia,3503950,2021-05-20T00:00:00Z,1,1,1.1428571428571428,0.14285714285714285
356,Aspásia,3503950,2021-05-21T00:00:00Z,0,0,0.8571428571428571,0.14285714285714285
357,Aspásia,3503950,2021-05-22T00:00:00Z,0,0,0.7142857142857143,0.14285714285714285
358,Aspásia,3503950,2021-05-23T00:00:00Z,0,0,0.42857142857142855,0.14285714285714285
359,Aspásia,3503950,2021-05-24T00:00:00Z,3,0,0.5714285714285714,0.14285714285714285
360,Aspásia,3503950,2021-05-25T00:00:00Z,2,0,0.8571428571428571,0.14285714285714285
361,Aspásia,3503950,2021-05-26T00:00:00Z,1,0,1.0,0.14285714285714285
362,Aspásia,3503950,2021-05-27T00:00:00Z,0,0,0.8571428571428571,0.0
363,Aspásia,3503950,2021-05-28T00:00:00Z,1,0,1.0,0.0
364,Aspásia,3503950,2021-05-29T00:00:00Z,0,0,1.0,0.0
365,Aspásia,3503950,2021-05-30T00:00:00Z,1,0,1.1428571428571428,0.0
366,Aspásia,3503950,2021-05-31T00:00:00Z,1,1,0.8571428571428571,0.14285714285714285
367,Aspásia,3503950,2021-06-01T00:00:00Z,1,0,0.7142857142857143,0.14285714285714285
368,Aspásia,3503950,2021-06-02T00:00:00Z,0,0,0.5714285714285714,0.14285714285714285
369,Aspásia,3503950,2021-06-03T00:00:00Z,2,0,0.8571428571428571,0.14285714285714285
370,Aspásia,3503950,2021-06-04T00:00:00Z,8,0,1.8571428571428572,0.14285714285714285
371,Aspásia,3503950,2021-06-05T00:00:00Z,3,0,2.2857142857142856,0.14285714285714285
372,Aspásia,3503950,2021-06-06T00:00:00Z,8,0,3.2857142857142856,0.14285714285714285
373,Aspásia,3503950,2021-06-07T00:00:00Z,3,0,3.5714285714285716,0.0
374,Aspásia,3503950,2021-06-08T00:00:00Z,3,0,3.857142857142857,0.0
375,Aspásia,3503950,2021-06-09T00:00:00Z,3,0,4.285714285714286,0.0
376,Aspásia,3503950,2021-06-10T00:00:00Z,5,0,4.714285714285714,0.0
377,Aspásia,3503950,2021-06-11T00:00:00Z,1,0,3.7142857142857144,0.0
378,Aspásia,3503950,2021-06-12T00:00:00Z,3,0,3.7142857142857144,0.0
379,Aspásia,3503950,2021-06-13T00:00:00Z,4,0,3.142857142857143,0.0
380,Aspásia,3503950,2021-06-14T00:00:00Z,6,0,3.5714285714285716,0.0
381,Aspásia,3503950,2021-06-15T00:00:00Z,5,0,3.857142857142857,0.0
382,Aspásia,3503950,2021-06-16T00:00:00Z,3,0,3.857142857142857,0.0
383,Aspásia,3503950,2021-06-17T00:00:00Z,1,0,3.2857142857142856,0.0
384,Aspásia,3503950,2021-06-18T00:00:00Z,2,0,3.4285714285714284,0.0
385,Aspásia,3503950,2021-06-19T00:00:00Z,2,0,3.2857142857142856,0.0
386,Aspásia,3503950,2021-06-20T00:00:00Z,1,1,2.857142857142857,0.14285714285714285
387,Aspásia,3503950,2021-06-21T00:00:00Z,0,0,2.0,0.14285714285714285
388,Aspásia,3503950,2021-06-22T00:00:00Z,0,0,1.2857142857142858,0.14285714285714285
389,Aspásia,3503950,2021-06-23T00:00:00Z,1,0,1.0,0.14285714285714285
390,Aspásia,3503950,2021-06-24T00:00:00Z,0,0,0.8571428571428571,0.14285714285714285
391,Aspásia,3503950,2021-06-25T00:00:00Z,4,0,1.1428571428571428,0.14285714285714285
392,Aspásia,3503950,2021-06-26T00:00:00Z,0,0,0.8571428571428571,0.14285714285714285
393,Aspásia,3503950,2021-06-27T00:00:00Z,1,0,0.8571428571428571,0.0
394,Aspásia,3503950,2021-06-28T00:00:00Z,1,0,1.0,0.0
395,Aspásia,3503950,2021-06-29T00:00:00Z,1,0,1.1428571428571428,0.0
396,Aspásia,3503950,2021-06-30T00:00:00Z,0,0,1.0,0.0
397,Aspásia,3503950,2021-07-01T00:00:00Z,1,0,1.1428571428571428,0.0
398,Aspásia,3503950,2021-07-02T00:00:00Z,0,0,0.5714285714285714,0.0
399,Aspásia,3503950,2021-07-03T00:00:00Z,0,0,0.5714285714285714,0.0
400,Aspásia,3503950,2021-07-04T00:00:00Z,0,0,0.42857142857142855,0.0
401,Aspásia,3503950,2021-07-05T00:00:00Z,0,0,0.2857142857142857,0.0
402,Aspásia,3503950,2021-07-06T00:00:00Z,0,0,0.14285714285714285,0.0
403,Aspásia,3503950,2021-07-07T00:00:00Z,0,0,0.14285714285714285,0.0
404,Aspásia,3503950,2021-07-08T00:00:00Z,0,0,0.0,0.0
405,Aspásia,3503950,2021-07-09T00:00:00Z,0,0,0.0,0.0
406,Aspásia,3503950,2021-07-10T00:00:00Z,0,0,0.0,0.0
407,Aspásia,3503950,2021-07-11T00:00:00Z,2,0,0.2857142857142857,0.0
408,Aspásia,3503950,2021-07-12T00:00:00Z,1,0,0.42857142857142855,0.0
409,Aspásia,3503950,2021-07-13T00:00:00Z,0,0,0.42857142857142855,0.0
410,Aspásia,3503950,2021-07-14T00:00:00Z,1,0,0.5714285714285714,0.0
411,Aspásia,3503950,2021-07-15T00:00:00Z,0,0,0.5714285714285714,0.0
412,Aspásia,3503950,2021-07-16T00:00:00Z,0,0,0.5714285714285714,0.0
413,Aspásia,3503950,2021-07-17T00:00:00Z,1,0,0.7142857142857143,0.0
414,Aspásia,3503950,2021-07-18T00:00:00Z,1,0,0.5714285714285714,0.0
415,Aspásia,3503950,2021-07-19T00:00:00Z,0,0,0.42857142857142855,0.0
416,Aspásia,3503950,2021-07-20T00:00:00Z,1,0,0.5714285714285714,0.0
417,Aspásia,3503950,2021-07-21T00:00:00Z,2,0,0.7142857142857143,0.0
418,Aspásia,3503950,2021-07-22T00:00:00Z,0,0,0.7142857142857143,0.0
419,Aspásia,3503950,2021-07-23T00:00:00Z,1,0,0.8571428571428571,0.0
